Strange Brewing,,
Antares,,
Belsh,,
Juguetes Perdidos,,
Aldea,,
Crafter,,
Portlander,,
Hormiga Negra,,
Wallem,,
Anna C,,
Cheverry,,
Deprestado,,
Waracha,,Guaraní
,,
Ortúzar,,Don Santiago De Ortúzar
El Galpón de Tacuara,,
Minga,,
Kraken,,
Lumpen,,
Buena Birra Social Club,,
Charlone,,
Astor ,,
Filidoro,,
Camus,,
Sir Hopper,,
Itzel,,
Güira,,
Humanoide,,
Bierhaus,,
Bierlife,,
Brew House,,
Grunge,,
Cygnus,,
Barba Roja,,
Quilmes,industrial,
Imperial,industrial,
Corona,industrial,
Patagonia,,
Santina,,
Lindenberg,,
Telma,,
Beata,,
Gress,,
Dewey,,
Ruta 40,,
Kingston,,
Peñon del Águila,,
Berlina,,
La Cruz,,
Gante,,
Icarus,,
Hopback,,
Juna,,
Gambrinus,,
Grolsch,,
Otro Mundo,,
Baba,,
Guten bier,,Gutenbier
Alevi,,
1036,,
Kuruf,,
Bucaré,,
Andaluz,,
Mesta Nostra,,
Campos,,
Suburbier,,
Tegu,,
Tan Selmo,,
Blest,,
Ogham,,
Baum,,
Breoghan,,
Olksum,,
Nikita,,
Goyeneche,,
Hudson Rose,,
Bulder,,
Büller,,
Arpegia,,
Uns,,
Glückbier,,
Bohemia,,
Finn,,
El Buho,,
Gaugler,,
Interlaken,,
Chelin,,
Bohr,,
Darwin,,
Gorilla,,
Dust,,
Tropel,,
Old Bastard,,
Wesley,,
Broers,,
Old Willy,,
Bacota,,
Coleman,,
Funes,,
La Burra,,
Beagle,,
Los Bichos Mandan,,
Moldes,,
Berkeler,,
Venner,,
Buko,,
Bronx,,
Dos Patrias,,
Cork,,
Guillon,,
Búlgara,,
Aspid,,
Fuller's,,